insert into VENUE (ID, VENUE_NAME, LINK_MORE_INFO, CAPACITY,FOOD_PROVIDED, INDOOR, OUTDOOR, FREE_PARKING_AVAILABLE,CITY, DISTANCE_FROM_PUBLIC_TRANSPORT_IN_KM)values (1, 'De Club', 'https://transitm.mechelen.be/de-club',150, false, true, false, true, 'Mechelen', 2);
insert into VENUE (ID, VENUE_NAME, LINK_MORE_INFO, CAPACITY,FOOD_PROVIDED, INDOOR, OUTDOOR, FREE_PARKING_AVAILABLE,CITY, DISTANCE_FROM_PUBLIC_TRANSPORT_IN_KM)values (2, 'De Loods', 'https://transitm.mechelen.be/de-loods',1000, false, true, false, true, 'Mechelen', 2);
insert into VENUE (ID, VENUE_NAME, LINK_MORE_INFO, CAPACITY,FOOD_PROVIDED, INDOOR, OUTDOOR, FREE_PARKING_AVAILABLE,CITY, DISTANCE_FROM_PUBLIC_TRANSPORT_IN_KM)values (3, 'Zapoi', 'http://www.kafeezapoi.be',150, true, true, false, false, 'Mechelen', 4);
insert into VENUE (ID, VENUE_NAME, LINK_MORE_INFO, CAPACITY,FOOD_PROVIDED, INDOOR, OUTDOOR, FREE_PARKING_AVAILABLE,CITY, DISTANCE_FROM_PUBLIC_TRANSPORT_IN_KM)values (4, 'De Kuub', 'http://www.dekuub.be',150, true, true, true, false, 'Mechelen', 4);
insert into VENUE (ID, VENUE_NAME, LINK_MORE_INFO, CAPACITY,FOOD_PROVIDED, INDOOR, OUTDOOR, FREE_PARKING_AVAILABLE,CITY, DISTANCE_FROM_PUBLIC_TRANSPORT_IN_KM)values (5, 't''Ile Maline', 'https://www.tilemalines.be',400, true, true, true, false, 'Mechelen', 6);
insert into VENUE (ID, VENUE_NAME, LINK_MORE_INFO, CAPACITY,FOOD_PROVIDED, INDOOR, OUTDOOR, FREE_PARKING_AVAILABLE,CITY, DISTANCE_FROM_PUBLIC_TRANSPORT_IN_KM)values (6, 'Nekkerhal', 'https://www.nekkerhalbrusselsnorth.com/nl/organiseer/hal/',8800, false, true, false, true, 'Mechelen', 4);
insert into VENUE (ID, VENUE_NAME, LINK_MORE_INFO, CAPACITY,FOOD_PROVIDED, INDOOR, OUTDOOR, FREE_PARKING_AVAILABLE,CITY, DISTANCE_FROM_PUBLIC_TRANSPORT_IN_KM)values (7, 'Nekkerbox', 'https://www.nekkerhalbrusselsnorth.com/nl/organiseer/nekkerbox/',2500, false, true, false, true, 'Mechelen', 4);
insert into VENUE (ID, VENUE_NAME, LINK_MORE_INFO, CAPACITY,FOOD_PROVIDED, INDOOR, OUTDOOR, FREE_PARKING_AVAILABLE,CITY, DISTANCE_FROM_PUBLIC_TRANSPORT_IN_KM)values (8, 'Lamot', 'http://lamot-mechelen.be/',300, true, true, true, false, 'Mechelen', 3);
insert into VENUE (ID, VENUE_NAME, LINK_MORE_INFO, CAPACITY,FOOD_PROVIDED, INDOOR, OUTDOOR, FREE_PARKING_AVAILABLE,CITY, DISTANCE_FROM_PUBLIC_TRANSPORT_IN_KM)values (9, 'Passade', 'https://www.passade.be/nl/feestzaal-mechelen',150, true, true, true, true, 'Mechelen', 2);
insert into VENUE (ID, VENUE_NAME, LINK_MORE_INFO, CAPACITY,FOOD_PROVIDED, INDOOR, OUTDOOR, FREE_PARKING_AVAILABLE,CITY, DISTANCE_FROM_PUBLIC_TRANSPORT_IN_KM)values (10, 'Tivoli', 'https://www.kasteeltivoli.be/locatie',500, true, true, true, true, 'Mechelen', 8);
insert into VENUE (ID, VENUE_NAME, LINK_MORE_INFO, CAPACITY,FOOD_PROVIDED, INDOOR, OUTDOOR, FREE_PARKING_AVAILABLE,CITY, DISTANCE_FROM_PUBLIC_TRANSPORT_IN_KM)values (11, 'Kruidtuin', 'https://www.mechelen.be/kruidtuin',500, false, false, true, false, 'Mechelen', 1);
INSERT INTO ARTIST (ID, ARTIST_NAME, BIO, GENRE, LINK_MORE_INFO, PORTFOLIO)VALUES (1, 'Discobaar a moeder','Discobaar A Moeder, een ondertussen legendarisch Antwerps fenomeen, draait al mee van in 2002. Het begon als eennylfreaks, degrap houden ze er in, van draaizijn ze niet vies.','Pop, Soul, Disco', 'http://www.discobaaramoeder.be/', 'Lotto Arena 6/03/2020');
INSERT INTO ARTIST (ID, ARTIST_NAME, BIO, GENRE, LINK_MORE_INFO, PORTFOLIO)VALUES (2, 'Radio Botanique', 'Radio len) dansers en swingers.','voor de lol', 'https://www.facebook.com/radiobotanique/', 'bekend van Parkpop');
INSERT INTO ARTIST (ID, ARTIST_NAME, BIO, GENRE, LINK_MORE_INFO, PORTFOLIO)VALUES (3, 'DJ Koen','Als allrous draalubs en meer.','90s, top 40, feest-en clubmuziek', 'https://www.facebook.com/DJKoenMossink/', '');
INSERT INTO ARTIST (ID, ARTIST_NAME, BIO, GENRE, LINK_MORE_INFO, PORTFOLIO)VALUES (4, 'C-Man','-2nd place Ma Rocca -... His First single ''Nothing is forever''came out on 2Dutch (A music label from the Netherlands) in the summer of 2018.','deephouse, EDM', 'https://www.facebook.com/cmandj/', 'Q-hotspot 17/07/2020');
INSERT INTO ARTIST (ID, ARTIST_NAME, BIO, GENRE, LINK_MORE_INFO, PORTFOLIO)VALUES (5, 'Robbe Roels','Wie Menzijn prestaties.','Allround, Dance, Techno', 'https://vi.be/platform/robberoels', 'Shake That Asspi 2020');
INSERT INTO ARTIST (ID, ARTIST_NAME, BIO, GENRE, LINK_MORE_INFO, PORTFOLIO)VALUES (6, 'Toloko','My namrowd andduce them to thelatest tracks.','house, r&b', 'https://www.toloko.be/', '');
INSERT INTO ARTIST (ID, ARTIST_NAME, BIO, GENRE, LINK_MORE_INFO, PORTFOLIO)VALUES (7, 'Tough Titty','A Belgian Tribute to 80''s Glam and Heavy Metal','', 'https://www.facebook.com/Tough-Titty-277601302444865', '');
INSERT INTO ARTIST (ID, ARTIST_NAME, BIO, GENRE, LINK_MORE_INFO, PORTFOLIO)VALUES (8, 'Kryptonight','Twee nze missie:Hoe don we voor ieder wat wils.','Moombahton • Dancehall • Commercial', 'https://vi.be/platform/kryptonight', 'SOME GIG''s: Tomorrowland''s Dreamville, MnM Start to Dj Finalist Flowtrack Summer Camp Casa Blanca Festival Sunrise Festival Red ''n Blue Café Local Noxx Publik Vice Festival KdG TD ...');
INSERT INTO PARTY(ID, name, price_presale_in_eur, price_in_eur, extra_info, date, doors, venue_Id)VALUES(nextval('PARTY_SEQ'),  'Big Spring Party', 6, 10, '1 cocktail included','2021-03-21', '10:00', 1);
INSERT INTO PARTY(ID, name,price_presale_in_eur, price_in_eur, extra_info, date, doors, venue_Id)VALUES(nextval('PARTY_SEQ'),  'Liberty 2021', 4, 6, 'free vestiaire, viplounge','2021-04-3', '22:00', 2);
INSERT INTO PARTY(ID, name, price_presale_in_eur, price_in_eur, extra_info, date, doors, venue_Id)VALUES(nextval('PARTY_SEQ'),  'Uppercuts', null, null, ' ','2021-03-14', '21:00', 4);
INSERT INTO PARTY(ID, name, price_presale_in_eur, price_in_eur, extra_info, date, doors, venue_Id)VALUES(nextval('PARTY_SEQ'), 'Zoetzuur', null, null, 'Zoete house / Zure techno','2021-03-21', '21:00', 4);
INSERT INTO PARTY(ID, name, price_presale_in_eur, price_in_eur, extra_info, date, doors, venue_Id)VALUES(nextval('PARTY_SEQ'),  'Oldies but Goldies', null, null, 'afterparty@home van THE BOX!','2020-03-28', '21:00', 4);
INSERT INTO PARTY_ARTISTS (PARTIES_ID, ARTISTS_ID) VALUES(1, 1);
INSERT INTO PARTY_ARTISTS (PARTIES_ID, ARTISTS_ID) VALUES(1, 2);
INSERT INTO PARTY_ARTISTS (PARTIES_ID, ARTISTS_ID) VALUES(2, 2);
INSERT INTO PARTY_ARTISTS (PARTIES_ID, ARTISTS_ID) VALUES(3, 3);
INSERT INTO PARTY_ARTISTS (PARTIES_ID, ARTISTS_ID) VALUES(3, 5);
INSERT INTO PARTY_ARTISTS (PARTIES_ID, ARTISTS_ID) VALUES(4, 5);

INSERT INTO ANIMAL (ID, NAME, CITY, BIO)VALUES (1, 'boop','city here','BIOOOOOOOO');
INSERT INTO ANIMAL (ID, NAME, CITY, BIO)VALUES (2, 'b222oop','city 2222here','BIOOOO22222OOOO');
INSERT INTO ANIMAL (ID, NAME, CITY, BIO)VALUES (3, 'bo3333op','city33333 here','BIOOOOOO33333OO');

INSERT INTO PARTY_ANIMALS (PARTIES_ID, ANIMALS_ID) VALUES(1, 1);
INSERT INTO PARTY_ANIMALS (PARTIES_ID, ANIMALS_ID) VALUES(1, 3);
INSERT INTO PARTY_ANIMALS (PARTIES_ID, ANIMALS_ID) VALUES(3, 2);